experiment,representation,corpus,algorithm,family,repeat,fold,n_train,n_test,macro_f1,spam_f1,pr_auc,roc_auc,mcc,balanced_accuracy,accuracy,recall_at_99_precision,tn,fp,fn,tp,train_time_s,predict_ms_per_1000,n_configs
E1,word,full,MultinomialNB,Linear / probabilistic,1,1,4459,1115,0.9636849876235832,0.9366197183098591,0.9746496849404956,0.9903636388900469,0.9288779375088633,0.9452735281448441,0.9838565022421525,0.8859060402684564,964,2,16,133,2.127359532,19.123940807178712,8
E1,word,full,LogisticRegression,Linear / probabilistic,1,1,4459,1115,0.9684747727497632,0.9452054794520548,0.9792062852288395,0.9946225353286923,0.9372155276723,0.9604992566037212,0.9856502242152466,0.8791946308724832,961,5,11,138,2.3257458390000068,15.933027802693095,8
E1,word,full,LinearSVM,Kernel (linear),1,1,4459,1115,0.9662090493075128,0.9411764705882353,0.9800030271607306,0.9945739019272722,0.9330250629254968,0.9543054455514333,0.9847533632286996,0.8859060402684564,962,4,13,136,2.456174746000002,16.994276233180297,8
E1,word,full,kNN,Instance-based,1,1,4459,1115,0.9591575091575092,0.9285714285714286,0.9145412559970263,0.9546771436908583,0.9208523277239943,0.9357240123945697,0.9820627802690582,0.8859060402684564,965,1,19,130,3.4103750599999927,63.17170852017245,8
E1,word,full,RandomForest,Ensemble,1,1,4459,1115,0.953174271320816,0.9181494661921709,0.9771405478387407,0.9954840412967054,0.9085749656026572,0.9313331110092126,0.979372197309417,0.8187919463087249,963,3,20,129,29.312556494999995,53.446265470859146,8
E1,word,full,MultinomialNB,Linear / probabilistic,1,2,4459,1115,0.980064223595377,0.9652777777777778,0.9821248168828256,0.9902594244584324,0.9608993957778563,0.9664429530201342,0.9910313901345291,0.9395973154362416,966,0,10,139,2.0973396269999967,17.837833183850282,8
E1,word,full,LogisticRegression,Linear / probabilistic,1,2,4459,1115,0.9822152985649952,0.9690721649484536,0.9866618966739948,0.9943237872913975,0.9648029017335386,0.972636764072422,0.9919282511210762,0.959731543624161,965,1,8,141,2.226687050999999,14.933383856500381,8
E1,word,full,LinearSVM,Kernel (linear),1,2,4459,1115,0.9862476895942319,0.9761092150170648,0.9871349786283593,0.9949351786235358,0.9726843064986999,0.9793481734683952,0.9937219730941704,0.959731543624161,965,1,6,143,2.4295131860000083,17.82474170403936,8
E1,word,full,kNN,Instance-based,1,2,4459,1115,0.9660085969288486,0.9407665505226481,0.9616377923023002,0.978302555337863,0.9329346111188676,0.951467339197132,0.9847533632286996,0.8993288590604027,963,3,14,135,3.5385646570000233,60.03707982064051,8
E1,word,full,RandomForest,Ensemble,1,2,4459,1115,0.9666015318717063,0.9419795221843004,0.9816233436384313,0.9949977072825046,0.933386137740826,0.9599816582600358,0.9847533632286996,0.9060402684563759,960,6,11,138,28.71887628600001,53.219105829597815,8
E1,word,full,MultinomialNB,Linear / probabilistic,1,3,4459,1115,0.9763560795623224,0.958904109589041,0.9871555987241144,0.9959516407599309,0.9531911768466845,0.9656303972366149,0.989237668161435,0.9133333333333333,963,2,10,140,2.087667831999994,15.646930044831933,8
E1,word,full,LogisticRegression,Linear / probabilistic,1,3,4459,1115,0.9764926631809748,0.9591836734693877,0.9829294057855724,0.9941347150259067,0.9532516838535127,0.9684455958549223,0.989237668161435,0.92,962,3,9,141,2.2121607969999957,15.339280717484298,8
E1,word,full,LinearSVM,Kernel (linear),1,3,4459,1115,0.9746069285683003,0.9559322033898305,0.9836272079687561,0.994873920552677,0.9493972007374426,0.9679274611398964,0.9883408071748879,0.92,961,4,9,141,2.330980079999989,16.712190134515698,8
E1,word,full,kNN,Instance-based,1,3,4459,1115,0.9700075855254545,0.9477351916376306,0.9507389175580059,0.9748186528497409,0.941305435055276,0.9528151986183073,0.9865470852017937,0.9066666666666666,964,1,14,136,3.26872114599999,61.875558744397516,8
E1,word,full,RandomForest,Ensemble,1,3,4459,1115,0.9645341193434835,0.9383561643835616,0.970352634001936,0.982272884283247,0.9295381762046062,0.9540759930915371,0.9838565022421525,0.9,960,5,13,137,25.661240094999982,36.19265112108566,8
E1,word,full,MultinomialNB,Linear / probabilistic,1,4,4459,1115,0.9596499862484258,0.9295774647887324,0.9693758930602462,0.9862245250431778,0.9212574588260598,0.9389637305699482,0.9820627802690582,0.8666666666666667,963,2,18,132,2.0777822000000015,15.098347982056858,8
E1,word,full,LogisticRegression,Linear / probabilistic,1,4,4459,1115,0.9671700420355094,0.9431438127090301,0.9745182266043749,0.9858376511226252,0.9343471669656276,0.9658549222797927,0.9847533632286996,0.9,957,8,9,141,2.235463648999996,15.185546188342308,8
E1,word,full,LinearSVM,Kernel (linear),1,4,4459,1115,0.9647389947714623,0.9387755102040817,0.9746492762603571,0.9857132987910191,0.9297393372658196,0.9568911917098446,0.9838565022421525,0.9,959,6,12,138,2.4566705189999993,14.611200896858092,8
E1,word,full,kNN,Instance-based,1,4,4459,1115,0.9390927293652722,0.8929889298892989,0.9257826406100201,0.9585284974093264,0.884947527308751,0.9033333333333333,0.9739910313901345,0.8133333333333334,965,0,29,121,3.3440632029999904,61.243263677132305,8
E1,word,full,RandomForest,Ensemble,1,4,4459,1115,0.9624545191927678,0.9347079037800687,0.972729464799232,0.9890086355785838,0.9255053000731613,0.9507426597582038,0.9829596412556054,0.76,960,5,14,136,28.487263267000003,34.732182062764515,8
E1,word,full,MultinomialNB,Linear / probabilistic,1,5,4460,1114,0.9782602139206305,0.9621993127147767,0.9854491184678866,0.9936015578815592,0.9568904938862475,0.9687623882880689,0.9901256732495511,0.9194630872483222,963,2,9,140,2.087680050000017,15.080589766571059,8
E1,word,full,LogisticRegression,Linear / probabilistic,1,5,4460,1114,0.9747483465764148,0.9562289562289562,0.9877675236818411,0.9957923288242863,0.949503946273129,0.9734012588239385,0.9883303411131059,0.9194630872483222,959,6,7,142,2.234618399999988,15.253258527832624,8
E1,word,full,LinearSVM,Kernel (linear),1,5,4460,1114,0.980294067700668,0.9657534246575342,0.9906540491112116,0.9962096185276628,0.9608592980405214,0.9721180929860556,0.9910233393177738,0.9463087248322147,963,2,8,141,2.45796997299999,14.97634111311589,8
E1,word,full,kNN,Instance-based,1,5,4460,1114,0.9591522440598417,0.9285714285714286,0.9703875396224932,0.9849775706784435,0.9208424663934451,0.9357234760232291,0.9820466786355476,0.9060402684563759,964,1,19,130,3.300872448000007,66.22279712746236,8
E1,word,full,RandomForest,Ensemble,1,5,4460,1114,0.9701804697245218,0.9480968858131488,0.9833723470931144,0.99590360607852,0.9409720134307481,0.9581771394790833,0.9865350089766607,0.912751677852349,962,3,12,137,28.154056422999986,58.301592459610475,8
E1,word,full,MultinomialNB,Linear / probabilistic,2,1,4459,1115,0.971754990373898,0.9507042253521126,0.9615597590398732,0.9791640613058763,0.9450380077276553,0.9530201342281879,0.9874439461883409,0.9261744966442953,966,0,14,135,2.1355734179999786,16.631409865483942,8
E1,word,full,LogisticRegression,Linear / probabilistic,2,1,4459,1115,0.9658052586479051,0.9403508771929825,0.963593966909695,0.9826100851779287,0.9329072366350681,0.9486292328428307,0.9847533632286996,0.8993288590604027,964,2,15,134,2.5153589949999855,15.37730044843646,8
E1,word,full,LinearSVM,Kernel (linear),2,1,4459,1115,0.9677199889987407,0.9436619718309859,0.9637837276405783,0.9829922047605153,0.9369579726182593,0.9491468311865161,0.9856502242152466,0.9060402684563759,965,1,15,134,2.4222617429999787,15.617982062792379,8
E1,word,full,kNN,Instance-based,2,1,4459,1115,0.9398558474773309,0.8945454545454545,0.9319704665053625,0.96130518154154,0.8838533264932198,0.9111988828212931,0.9739910313901345,0.8187919463087249,963,3,26,123,3.4983720760000097,67.93499999999734,8
E1,word,full,RandomForest,Ensemble,2,1,4459,1115,0.949410255153802,0.911660777385159,0.9553570338468943,0.9832562146539386,0.900521386286914,0.930297914321842,0.9775784753363229,0.8657718120805369,961,5,20,129,27.881288446000042,36.05726905831001,8
E1,word,full,MultinomialNB,Linear / probabilistic,2,2,4459,1115,0.9634649831796933,0.9361702127659575,0.9728385603930468,0.9899398335348145,0.9289236466568711,0.9424354217905428,0.9838565022421525,0.8859060402684564,965,1,17,132,2.092086236,16.826246636792185,8
E1,word,full,LogisticRegression,Linear / probabilistic,2,2,4459,1115,0.9698281693952104,0.9473684210526315,0.9842366308861151,0.9950393930551503,0.9409616213535116,0.9525025358845026,0.9865470852017937,0.9194630872483222,965,1,14,135,2.3239929210000128,15.437380269016883,8
E1,word,full,LinearSVM,Kernel (linear),2,2,4459,1115,0.9740065741220607,0.9547038327526133,0.9813517271129331,0.9947892784192754,0.9489425840249646,0.9592139452804758,0.9883408071748879,0.9261744966442953,965,1,12,137,2.3505770880000227,15.608530044840993,8
E1,word,full,kNN,Instance-based,2,2,4459,1115,0.9462455312773501,0.9057971014492754,0.9404709763631844,0.9677803715591867,0.8962970876947277,0.9184278905609515,0.9766816143497757,0.8322147651006712,964,2,24,125,3.150794159000043,63.5317112107663,8
E1,word,full,RandomForest,Ensemble,2,2,4459,1115,0.949713615658684,0.9122807017543859,0.9713833340797179,0.9869523531618658,0.9006896977612943,0.9331360206761432,0.9775784753363229,0.7986577181208053,960,6,19,130,26.087826242999995,37.16755605380503,8
E1,word,full,MultinomialNB,Linear / probabilistic,2,3,4459,1115,0.9724154261560428,0.952054794520548,0.9825158379791115,0.9956062176165803,0.9453068432993251,0.9617789291882556,0.9874439461883409,0.8933333333333333,962,3,11,139,2.0806415110000103,15.527109417030974,8
E1,word,full,LogisticRegression,Linear / probabilistic,2,3,4459,1115,0.9641156024716786,0.9375,0.9739838511500655,0.9902728842832469,0.929313444107263,0.9484455958549223,0.9838565022421525,0.9,962,3,15,135,2.2456127089999995,15.069230493273636,8
E1,word,full,LinearSVM,Kernel (linear),2,3,4459,1115,0.9705307634162114,0.9488054607508533,0.9753401024861449,0.9910949913644214,0.9414227159578643,0.9612607944732297,0.9865470852017937,0.9,961,4,11,139,2.3767894970000043,14.525061883412109,8
E1,word,full,kNN,Instance-based,2,3,4459,1115,0.9615517939168894,0.9328621908127208,0.9572305236753931,0.9749879101899828,0.9253343337622335,0.9394818652849741,0.9829596412556054,0.9066666666666666,964,1,18,132,3.2496960909999757,56.20698744396088,8
E1,word,full,RandomForest,Ensemble,2,3,4459,1115,0.9596499862484258,0.9295774647887324,0.9763707668231988,0.9933471502590674,0.9212574588260598,0.9389637305699482,0.9820627802690582,0.8333333333333334,963,2,18,132,28.241422883999974,52.20284215248068,8
E1,word,full,MultinomialNB,Linear / probabilistic,2,4,4459,1115,0.9701844552713348,0.9480968858131488,0.975143231892536,0.9904559585492229,0.9412818033709931,0.9556303972366149,0.9865470852017937,0.9133333333333333,963,2,13,137,2.0928607359999774,16.170987443949482,8
E1,word,full,LogisticRegression,Linear / probabilistic,2,4,4459,1115,0.9806334847916407,0.9664429530201343,0.9868245069849445,0.9962037996545768,0.9612960823597488,0.9779274611398964,0.9910313901345291,0.9,961,4,6,144,2.2692571970000017,15.73710852016418,8
E1,word,full,LinearSVM,Kernel (linear),2,4,4459,1115,0.9804105526508125,0.9659863945578231,0.9881859088237934,0.9950915371329879,0.961089132716077,0.9722970639032815,0.9910313901345291,0.92,963,2,8,142,2.322565411000028,15.675970403595793,8
E1,word,full,kNN,Instance-based,2,4,4459,1115,0.9534574347414977,0.9187279151943463,0.9381058559726536,0.9652089810017271,0.9091157095046702,0.9317789291882557,0.979372197309417,0.8666666666666667,962,3,20,130,3.4869734979999976,78.69503139014267,8
E1,word,full,RandomForest,Ensemble,2,4,4459,1115,0.9684747727497632,0.9452054794520548,0.9813917791095246,0.9911813471502591,0.9374225097519656,0.9579274611398965,0.9856502242152466,0.8666666666666667,961,4,12,138,27.118162036,38.48348789240706,8
E1,word,full,MultinomialNB,Linear / probabilistic,2,5,4460,1114,0.9824177751277983,0.9694915254237289,0.9924099233677344,0.9973363007267796,0.964902390929559,0.9783113676670028,0.9919210053859964,0.9328859060402684,962,3,6,143,2.2168452550000097,18.776509874326603,8
E1,word,full,LogisticRegression,Linear / probabilistic,2,5,4460,1114,0.9772704086837649,0.9607843137254902,0.9939747648692713,0.9972389331293251,0.9549843268651107,0.9881072434537678,0.9892280071813285,0.9664429530201343,955,10,2,147,2.500016469000002,16.06663375220601,8
E1,word,full,LinearSVM,Kernel (linear),2,5,4460,1114,0.9847631031841558,0.9736842105263158,0.9949979960057642,0.9982821573877664,0.9697813745971979,0.9930173522968321,0.992818671454219,0.9664429530201343,958,7,1,148,2.446804068000006,14.698801615810238,8
E1,word,full,kNN,Instance-based,2,5,4460,1114,0.9601231386025201,0.9305555555555556,0.9608540925260829,0.9842160169697813,0.9209928429565466,0.9470737559550718,0.9820466786355476,0.8187919463087249,960,5,15,134,3.023468777000005,61.51340215441756,8
E1,word,full,RandomForest,Ensemble,2,5,4460,1114,0.9787541329227718,0.9632107023411371,0.9948085700975491,0.9989776402267273,0.9575154834845905,0.9801126682199117,0.9901256732495511,0.912751677852349,959,6,5,144,28.25839938500002,49.67272800719603,8
E1,word,full,MultinomialNB,Linear / probabilistic,3,1,4459,1115,0.9677199889987407,0.9436619718309859,0.9844021554953536,0.9932746953464783,0.9369579726182593,0.9491468311865161,0.9856502242152466,0.8993288590604027,965,1,15,134,2.0531083909999666,19.346319282497955,8
E1,word,full,LogisticRegression,Linear / probabilistic,3,1,4459,1115,0.9781352671989789,0.9619377162629758,0.987851543436066,0.9943237872913974,0.956889329904284,0.9659253546764489,0.9901345291479821,0.9328859060402684,965,1,10,139,2.203279792999979,15.648452017966001,8
E1,word,full,LinearSVM,Kernel (linear),3,1,4459,1115,0.9762175613224315,0.9586206896551724,0.9855640540500985,0.992572984840274,0.9529196337090489,0.9654077563327637,0.989237668161435,0.9328859060402684,964,2,10,139,2.3343355090000273,14.070511210754903,8
E1,word,full,kNN,Instance-based,3,1,4459,1115,0.9462455312773501,0.9057971014492754,0.9604561794727349,0.979737240679756,0.8962970876947277,0.9184278905609515,0.9766816143497757,0.7986577181208053,964,2,24,125,3.171695675999956,62.44849506726043,8
E1,word,full,RandomForest,Ensemble,3,1,4459,1115,0.9563988624244579,0.9241379310344827,0.97783671606139,0.9953311934636708,0.9132668081438138,0.9460412411244042,0.9802690582959641,0.8322147651006712,959,7,15,134,27.91237312100003,34.54179641256623,8
E1,word,full,MultinomialNB,Linear / probabilistic,3,2,4459,1115,0.9741598612351569,0.9550173010380623,0.9777843824528754,0.9867578195561855,0.9489345742446883,0.962052051634777,0.9883408071748879,0.8791946308724832,964,2,11,138,2.1829977029999554,14.478251121100776,8
E1,word,full,LogisticRegression,Linear / probabilistic,3,2,4459,1115,0.9651402726249532,0.9395973154362416,0.9764719351996921,0.986702238525991,0.9302805452499062,0.9651402726249532,0.9838565022421525,0.8926174496644296,957,9,9,140,2.274266078999972,15.201859192803067,8
E1,word,full,LinearSVM,Kernel (linear),3,2,4459,1115,0.9725747737111373,0.9523809523809523,0.9782846119664415,0.9884669362346632,0.9452671675831196,0.9672106659996943,0.9874439461883409,0.9060402684563759,961,5,9,140,2.4946171220000224,15.192258296023928,8
E1,word,full,kNN,Instance-based,3,2,4459,1115,0.9596499862484258,0.9295774647887324,0.9571418130777954,0.9811371878777773,0.9207979023994672,0.9414002251031723,0.9820627802690582,0.8859060402684564,963,3,17,132,3.4072416559999965,65.79124215246918,8
E1,word,full,RandomForest,Ensemble,3,2,4459,1115,0.9664066750672132,0.9415807560137457,0.9725351370564637,0.9893770756040963,0.9331762971359685,0.9571435519057345,0.9847533632286996,0.8187919463087249,961,5,12,137,28.35143175999997,36.17527892373445,8
E1,word,full,MultinomialNB,Linear / probabilistic,3,3,4459,1115,0.968290081763242,0.9448275862068966,0.9642764949656148,0.986362694300518,0.9373277904722963,0.9551122625215889,0.9856502242152466,0.9133333333333333,962,3,13,137,2.16059854599996,15.043442152442049,8
E1,word,full,LogisticRegression,Linear / probabilistic,3,3,4459,1115,0.9719236524792081,0.951048951048951,0.9825190982443981,0.9939067357512953,0.9453576336491963,0.9533333333333334,0.9874439461883409,0.94,965,0,14,136,2.2160530310000013,16.731973094143306,8
E1,word,full,LinearSVM,Kernel (linear),3,3,4459,1115,0.9782631426905497,0.9621993127147767,0.983556183967246,0.9949222797927462,0.9571380201155116,0.9661485319516407,0.9901345291479821,0.94,964,1,10,140,2.6805484630000365,20.034074439519884,8
E1,word,full,kNN,Instance-based,3,3,4459,1115,0.9506869913904942,0.9136690647482014,0.9434417495118428,0.9679758203799654,0.9051619948242803,0.9228151986183074,0.97847533632287,0.8866666666666667,964,1,23,127,3.186907131000112,52.62986816139465,8
E1,word,full,RandomForest,Ensemble,3,3,4459,1115,0.9703588309416586,0.9484536082474226,0.9819624553408991,0.9946943005181347,0.9413216600943365,0.9584455958549223,0.9865470852017937,0.8866666666666667,962,3,12,138,28.589497542999993,58.98209955163853,8
E1,word,full,MultinomialNB,Linear / probabilistic,3,4,4459,1115,0.9592144936169769,0.9292929292929293,0.9803605063836407,0.9947668393782384,0.9184926283216182,0.9553367875647669,0.9811659192825112,0.8866666666666667,956,9,12,138,2.1569370139999364,13.450349775776955,8
E1,word,full,LogisticRegression,Linear / probabilistic,3,4,4459,1115,0.9540408342722102,0.9205298013245033,0.9795415103639,0.995167530224525,0.9081089409794629,0.9565975820379966,0.97847533632287,0.8933333333333333,952,13,11,139,2.32321768099996,16.60869147976699,8
E1,word,full,LinearSVM,Kernel (linear),3,4,4459,1115,0.9628870494459774,0.9355932203389831,0.9807310994961246,0.9952158894645942,0.9259539966886717,0.9563730569948187,0.9829596412556054,0.8933333333333333,958,7,12,138,2.3137680980000823,16.287199999948374,8
E1,word,full,kNN,Instance-based,3,4,4459,1115,0.9515799834981109,0.9154929577464789,0.9472366502054599,0.9767979274611399,0.9050912317786715,0.9312607944732297,0.97847533632287,0.7866666666666666,961,4,20,130,3.2863479169999437,66.22807174889583,8
E1,word,full,RandomForest,Ensemble,3,4,4459,1115,0.9563988624244579,0.9241379310344827,0.9689278788705761,0.9885768566493955,0.9135308836442456,0.9435578583765112,0.9802690582959641,0.8066666666666666,959,6,16,134,27.67008366099992,57.442584753341336,8
E1,word,full,MultinomialNB,Linear / probabilistic,3,5,4460,1114,0.9762143695953881,0.9586206896551724,0.981005946651342,0.9916715930034427,0.9529133819445323,0.9654066835900824,0.9892280071813285,0.9328859060402684,963,2,10,139,2.1878966780000155,15.013028725291731,8
E1,word,full,LogisticRegression,Linear / probabilistic,3,5,4460,1114,0.9823160568299072,0.9692832764505119,0.9827034164571206,0.9931181973084814,0.9648199217764313,0.9754737976840422,0.9919210053859964,0.9530201342281879,963,2,7,142,2.342432396999925,15.178393177799208,8
E1,word,full,LinearSVM,Kernel (linear),3,5,4460,1114,0.9785106140450868,0.9627118644067797,0.9822593044990902,0.9929791007406892,0.9570876552482294,0.9744375282539903,0.9901256732495511,0.9530201342281879,961,4,7,142,2.427926898999999,15.05737073616394,8
E1,word,full,kNN,Instance-based,3,5,4460,1114,0.9589005718502122,0.9280575539568345,0.9565920695015592,0.9749869596967694,0.9209737721523926,0.9328859060402684,0.9820466786355476,0.9261744966442953,965,0,20,129,3.2548585549999416,56.662722621163645,8
E1,word,full,RandomForest,Ensemble,3,5,4460,1114,0.9762143695953881,0.9586206896551724,0.9806899689532715,0.989369544806482,0.9529133819445323,0.9654066835900824,0.9892280071813285,0.9261744966442953,963,2,10,139,27.02757153999994,37.86202603238572,8
E2,char,full,MultinomialNB,Linear / probabilistic,1,1,4459,1115,0.9719236524792081,0.951048951048951,0.9815826164578588,0.9924062417496908,0.9449564464078356,0.9558582405824891,0.9874439461883409,0.912751677852349,965,1,13,136,9.954629810999904,81.30269147984063,8
E2,char,full,LogisticRegression,Linear / probabilistic,1,1,4459,1115,0.9781352671989789,0.9619377162629758,0.9884238434558862,0.9969638862256313,0.956889329904284,0.9659253546764489,0.9901345291479821,0.9463087248322147,965,1,10,139,12.01833138500001,80.88416771304341,8
E2,char,full,LinearSVM,Kernel (linear),1,1,4459,1115,0.9760770683144524,0.9583333333333334,0.9886607818154979,0.9971097864298915,0.9529201680324081,0.9625696499784624,0.989237668161435,0.9463087248322147,965,1,11,138,11.49720688800005,81.58879551564957,8
E2,char,full,kNN,Instance-based,1,1,4459,1115,0.9547964087746197,0.920863309352518,0.9549712519293106,0.9751240151736212,0.9127428319620174,0.9290126029985966,0.9802690582959641,0.87248322147651,965,1,21,128,14.112834300000031,227.274821524727,8
E2,char,full,RandomForest,Ensemble,1,1,4459,1115,0.9696461530922811,0.9469964664310954,0.9824836881798511,0.9950498144983118,0.941051355274712,0.9496644295302014,0.9865470852017937,0.912751677852349,966,0,15,134,46.695293289999995,129.35475426005755,8
E2,char,full,MultinomialNB,Linear / probabilistic,1,2,4459,1115,0.9825204972644186,0.9696969696969697,0.991603665697648,0.9951713980018619,0.9650483357731582,0.981151083135326,0.9919282511210762,0.959731543624161,962,4,5,144,10.164441742000008,84.1918600897183,8
E2,char,full,LogisticRegression,Linear / probabilistic,1,2,4459,1115,0.992164221060325,0.9863945578231292,0.990738381269435,0.9943932635791406,0.9844497725816391,0.9865771812080537,0.9964125560538116,0.9798657718120806,966,0,4,145,11.490323270999966,83.71320358749028,8
E2,char,full,LinearSVM,Kernel (linear),1,2,4459,1115,0.992164221060325,0.9863945578231292,0.9907747315744724,0.9946642211013381,0.9844497725816391,0.9865771812080537,0.9964125560538116,0.9798657718120806,966,0,4,145,11.21185562200003,80.88918565021632,8
E2,char,full,kNN,Instance-based,1,2,4459,1115,0.9719236524792081,0.951048951048951,0.9784765084369935,0.9884773576778247,0.9449564464078356,0.9558582405824891,0.9874439461883409,0.912751677852349,965,1,13,136,13.701782002999948,241.8894582960635,8
E2,char,full,RandomForest,Ensemble,1,2,4459,1115,0.9821106731628009,0.9688581314878892,0.9947740539921057,0.9986903719760446,0.9648440855638797,0.9697986577181208,0.9919282511210762,0.9731543624161074,966,0,9,140,48.106597729999976,209.34111300454538,8
E2,char,full,MultinomialNB,Linear / probabilistic,1,3,4459,1115,0.9845941278065631,0.9733333333333334,0.9922094682922257,0.9954680483592401,0.969188255613126,0.9845941278065631,0.9928251121076234,0.96,961,4,4,146,10.164357203000009,83.12792017936303,8
E2,char,full,LogisticRegression,Linear / probabilistic,1,3,4459,1115,0.9864817820146214,0.9765886287625418,0.9941946231315373,0.9980379965457685,0.972970868117397,0.9851122625215889,0.9937219730941704,0.9666666666666667,962,3,4,146,11.458780306999984,83.01332735430604,8
E2,char,full,LinearSVM,Kernel (linear),1,3,4459,1115,0.9883800908749845,0.9798657718120806,0.9937191069763526,0.9977409326424871,0.9767896517704329,0.9856303972366149,0.9946188340807175,0.96,963,2,4,146,11.661908215999915,88.1168394618212,8
E2,char,full,kNN,Instance-based,1,3,4459,1115,0.978513554942408,0.9627118644067797,0.9693491594647745,0.9827115716753023,0.9572116020870328,0.9717789291882556,0.9901345291479821,0.9,962,3,8,142,13.701230469000052,236.19311031388412,8
E2,char,full,RandomForest,Ensemble,1,3,4459,1115,0.9842373863748817,0.9726027397260274,0.9903713847047416,0.9937443868739206,0.9689598439414034,0.9733333333333334,0.9928251121076234,0.96,965,0,8,142,48.61097367299999,175.86222600894698,8
E2,char,full,MultinomialNB,Linear / probabilistic,1,4,4459,1115,0.9561412919098295,0.9236111111111112,0.9709888777071335,0.9876269430051814,0.9133506558895916,0.9407426597582038,0.9802690582959641,0.84,960,5,17,133,9.880371416999992,77.07063049333004,8
E2,char,full,LogisticRegression,Linear / probabilistic,1,4,4459,1115,0.9727319097794795,0.9527027027027027,0.983087423881417,0.9921243523316062,0.9455801336935548,0.9674093264248704,0.9874439461883409,0.92,960,5,9,141,11.560315619999983,77.3828286994935,8
E2,char,full,LinearSVM,Kernel (linear),1,4,4459,1115,0.9725747737111373,0.9523809523809523,0.982072652643281,0.9921312607944732,0.9454142349909482,0.9645941278065631,0.9874439461883409,0.9333333333333333,961,4,10,140,11.320348849000084,82.53642152466468,8
E2,char,full,kNN,Instance-based,1,4,4459,1115,0.9428205128205128,0.9,0.9471801937561709,0.9727910189982729,0.8886902165704169,0.9179274611398964,0.9748878923766816,0.74,961,4,24,126,13.53872374499997,210.9611264574184,8
E2,char,full,RandomForest,Ensemble,1,4,4459,1115,0.9575046143291936,0.9257950530035336,0.9756462596609566,0.9921001727115717,0.9172250216334519,0.9356303972366149,0.9811659192825112,0.8333333333333334,963,2,19,131,46.35015968500011,124.01452825118787,8
E2,char,full,MultinomialNB,Linear / probabilistic,1,5,4460,1114,0.9783862916809976,0.962457337883959,0.98504350141048,0.9936989254790137,0.9569592206029024,0.9715999582710296,0.9901256732495511,0.9395973154362416,962,3,8,141,10.248828698999887,86.49141202882312,8
E2,char,full,LogisticRegression,Linear / probabilistic,1,5,4460,1114,0.9843263054963454,0.9727891156462585,0.9936618850636297,0.9976701324894809,0.9687724902802989,0.9788295023820287,0.992818671454219,0.959731543624161,963,2,6,143,12.055623598000011,108.30022890488502,8
E2,char,full,LinearSVM,Kernel (linear),1,5,4460,1114,0.9862458219788166,0.9761092150170648,0.9936211475918265,0.9978509580276107,0.97268062294996,0.9793476370970546,0.9937163375224417,0.959731543624161,964,1,6,143,11.528145940000059,80.2834254937534,8
E2,char,full,kNN,Instance-based,1,5,4460,1114,0.9725710346186044,0.9523809523809523,0.9822006234918235,0.9920228118371179,0.9452597219373665,0.9672079841429913,0.9874326750448833,0.8389261744966443,960,5,9,140,13.879785282000057,264.37303859963504,8
E2,char,full,RandomForest,Ensemble,1,5,4460,1114,0.9759313806687648,0.958041958041958,0.9898962276520056,0.9965921340890913,0.9529794248733632,0.9597315436241611,0.9892280071813285,0.9328859060402684,965,0,12,137,48.82775663100006,164.90944254938398,8
E2,char,full,MultinomialNB,Linear / probabilistic,2,1,4459,1115,0.9701844552713348,0.9480968858131488,0.9727091574407857,0.9829018855864494,0.9409798185850925,0.9581787485931053,0.9865470852017937,0.912751677852349,963,3,12,137,10.033908102000169,95.54932556060962,8
E2,char,full,LogisticRegression,Linear / probabilistic,2,1,4459,1115,0.9781352671989789,0.9619377162629758,0.9783961821705559,0.9874942682062613,0.956889329904284,0.9659253546764489,0.9901345291479821,0.9328859060402684,965,1,10,139,11.88833237599988,77.41682869964932,8
E2,char,full,LinearSVM,Kernel (linear),2,1,4459,1115,0.9740065741220607,0.9547038327526133,0.9804259981076028,0.9888698987035724,0.9489425840249646,0.9592139452804758,0.9883408071748879,0.9328859060402684,965,1,12,137,11.068882995999957,78.92696860982537,8
E2,char,full,kNN,Instance-based,2,1,4459,1115,0.9509890109890109,0.9142857142857143,0.8582213444092762,0.9279774063112262,0.9044807713238658,0.927977406311226,0.97847533632287,0.0,963,3,21,128,13.982742914000028,216.75348609865742,8
E2,char,full,RandomForest,Ensemble,2,1,4459,1115,0.971754990373898,0.9507042253521126,0.9762610223301225,0.9921769700001388,0.9450380077276553,0.9530201342281879,0.9874439461883409,0.9194630872483222,966,0,14,135,47.511196337,168.85684932733278,8
E2,char,full,MultinomialNB,Linear / probabilistic,2,2,4459,1115,0.9643263419836474,0.9379310344827586,0.9731201379418836,0.9904956438367585,0.9291279383699078,0.953787847207748,0.9838565022421525,0.8859060402684564,961,5,13,136,10.558671184999866,78.64871928246642,8
E2,char,full,LogisticRegression,Linear / probabilistic,2,2,4459,1115,0.984145040881621,0.9724137931034482,0.9873654656898186,0.9966512429307877,0.968780763935143,0.9731543624161074,0.9928251121076234,0.9463087248322147,966,0,8,141,11.768046567000056,82.56482242155275,8
E2,char,full,LinearSVM,Kernel (linear),2,2,4459,1115,0.980064223595377,0.9652777777777778,0.9856776000042468,0.9960051134547779,0.9608993957778563,0.9664429530201342,0.9910313901345291,0.9463087248322147,966,0,10,139,11.348795033999977,89.77365829612062,8
E2,char,full,kNN,Instance-based,2,2,4459,1115,0.949410255153802,0.911660777385159,0.9671357980702964,0.984145511137049,0.900521386286914,0.930297914321842,0.9775784753363229,0.8389261744966443,961,5,20,129,13.835731918999954,223.13704394628277,8
E2,char,full,RandomForest,Ensemble,2,2,4459,1115,0.956717518729863,0.924187725631769,0.9834230991370545,0.9958244751066461,0.9169419402428824,0.9295302013422819,0.9811659192825112,0.8926174496644296,966,0,21,128,47.30819433800002,188.44805201803007,8
E2,char,full,MultinomialNB,Linear / probabilistic,2,3,4459,1115,0.9863268076906233,0.976271186440678,0.9978678563807564,0.9996407599309153,0.9728404047862135,0.979481865284974,0.9937219730941704,0.96,964,1,6,144,9.875319691999948,78.78564574007153,8
E2,char,full,LogisticRegression,Linear / probabilistic,2,3,4459,1115,0.988313675619777,0.9797297297297297,0.9944258194560461,0.9987910189982729,0.9767465778887531,0.9828151986183074,0.9946188340807175,0.9666666666666667,964,1,5,145,11.573790809999991,83.84094887899954,8
E2,char,full,LinearSVM,Kernel (linear),2,3,4459,1115,0.988313675619777,0.9797297297297297,0.9917282240550725,0.9980379965457685,0.9767465778887531,0.9828151986183074,0.9946188340807175,0.9666666666666667,964,1,5,145,11.302623493000056,81.76672914801466,8
E2,char,full,kNN,Instance-based,2,3,4459,1115,0.9741598612351569,0.9550173010380623,0.9674905849671986,0.9822970639032815,0.94923850865706,0.9594818652849741,0.9883408071748879,0.92,964,1,12,138,13.741233611000098,216.37246726449337,8
E2,char,full,RandomForest,Ensemble,2,3,4459,1115,0.9842373863748817,0.9726027397260274,0.9945879164399002,0.9985284974093264,0.9689598439414034,0.9733333333333334,0.9928251121076234,0.9733333333333334,965,0,8,142,48.074940610999874,143.84632825102733,8
E2,char,full,MultinomialNB,Linear / probabilistic,2,4,4459,1115,0.9743109868161043,0.9553264604810997,0.9853520426951258,0.9935336787564767,0.9492298401049241,0.9622970639032815,0.9883408071748879,0.9,963,2,11,139,10.292843565999874,81.30585919278859,8
E2,char,full,LogisticRegression,Linear / probabilistic,2,4,4459,1115,0.980296732968602,0.9657534246575342,0.9918724048006726,0.9969119170984455,0.9610755103940439,0.969481865284974,0.9910313901345291,0.9666666666666667,964,1,9,141,11.502085399999942,103.68572017935062,8
E2,char,full,LinearSVM,Kernel (linear),2,4,4459,1115,0.98432844212065,0.9727891156462585,0.9917936547102844,0.9966770293609672,0.9689265815786414,0.9761485319516408,0.9928251121076234,0.96,964,1,7,143,11.625422010999955,88.71903587451301,8
E2,char,full,kNN,Instance-based,2,4,4459,1115,0.9643263419836474,0.9379310344827586,0.955376506039427,0.9752815198618308,0.9293954881962794,0.9512607944732296,0.9838565022421525,0.8733333333333333,961,4,14,136,13.741933891000144,232.67446905824136,8
E2,char,full,RandomForest,Ensemble,2,4,4459,1115,0.9762175613224315,0.9586206896551724,0.9947035113290973,0.9986079447322971,0.9531923950243302,0.9628151986183073,0.989237668161435,0.9666666666666667,964,1,11,139,46.766341625999985,141.52831121089042,8
E2,char,full,MultinomialNB,Linear / probabilistic,2,5,4460,1114,0.9807399723374828,0.9666666666666667,0.9911820896977239,0.9967660047988315,0.9615087447231392,0.9834683729178983,0.9910233393177738,0.912751677852349,959,6,4,145,10.186950413999966,79.66929892283108,8
E2,char,full,LogisticRegression,Linear / probabilistic,2,5,4460,1114,0.9941726953637882,0.98989898989899,0.9971195165801946,0.9992349688771429,0.9883528692673504,0.9927704558890009,0.9973070017953322,0.9932885906040269,964,1,2,147,11.79844792599988,84.34988420112876,8
E2,char,full,LinearSVM,Kernel (linear),2,5,4460,1114,0.9961040232779363,0.9932432432432432,0.9971651162153975,0.9992558333623118,0.9922382227355829,0.9932885906040269,0.9982046678635548,0.9932885906040269,965,0,2,147,11.27102968600002,80.91820915617367,8
E2,char,full,kNN,Instance-based,2,5,4460,1114,0.9660040892747193,0.9407665505226481,0.9894718499568035,0.9956149807003513,0.9329258436129276,0.9514657300831102,0.9847396768402155,0.8456375838926175,962,3,14,135,14.089335398999992,227.11320915625407,8
E2,char,full,RandomForest,Ensemble,2,5,4460,1114,0.972086197021764,0.9513888888888888,0.9943747523908921,0.9986855374343638,0.9449337139646808,0.9586952741941093,0.9874326750448833,0.9194630872483222,963,2,12,137,48.76648067700012,179.71268312393536,8
E2,char,full,MultinomialNB,Linear / probabilistic,3,1,4459,1115,0.9760770683144524,0.9583333333333334,0.9889878445811323,0.9956646796448372,0.9529201680324081,0.9625696499784624,0.989237668161435,0.9261744966442953,965,1,11,138,9.937516947999939,79.62939820625522,8
E2,char,full,LogisticRegression,Linear / probabilistic,3,1,4459,1115,0.9822152985649952,0.9690721649484536,0.9906956092184572,0.9967763002487251,0.9648029017335386,0.972636764072422,0.9919282511210762,0.959731543624161,965,1,8,141,11.247536499000034,79.08055067265714,8
E2,char,full,LinearSVM,Kernel (linear),3,1,4459,1115,0.9801813011020264,0.9655172413793104,0.9896863458610607,0.99638028540859,0.960850198822096,0.9692810593744354,0.9910313901345291,0.959731543624161,965,1,9,140,11.189361159999862,81.49436143500145,8
E2,char,full,kNN,Instance-based,3,1,4459,1115,0.9547964087746197,0.920863309352518,0.9723597491378759,0.9847707977267358,0.9127428319620174,0.9290126029985966,0.9802690582959641,0.912751677852349,965,1,21,128,14.098186369999894,240.1349318385692,8
E2,char,full,RandomForest,Ensemble,3,1,4459,1115,0.9675244294930607,0.9432624113475178,0.9810916695076086,0.9934657551377715,0.9370559132179792,0.9463087248322148,0.9856502242152466,0.9261744966442953,966,0,16,133,46.156328998999925,129.33824304914623,8
E2,char,full,MultinomialNB,Linear / probabilistic,3,2,4459,1115,0.9783892265052216,0.962457337883959,0.9794153359194855,0.9891547514833188,0.9569650389955503,0.9716015673850515,0.9901345291479821,0.9463087248322147,963,3,8,141,10.14804440099988,81.50623318374427,8
E2,char,full,LogisticRegression,Linear / probabilistic,3,2,4459,1115,0.9823184580497268,0.9692832764505119,0.9798572538170683,0.9859657898759153,0.964824672747125,0.9754748704267233,0.9919282511210762,0.9530201342281879,964,2,7,142,11.233056566999949,79.50120358745329,8
E2,char,full,LinearSVM,Kernel (linear),3,2,4459,1115,0.9766273512395539,0.9594594594594594,0.9796409807917842,0.9856878847249435,0.953283960283376,0.9739220753956674,0.989237668161435,0.9530201342281879,961,5,7,142,11.198608123999975,78.36042780259721,8
E2,char,full,kNN,Instance-based,3,2,4459,1115,0.9641156024716786,0.9375,0.9731257380149859,0.9849792265899648,0.9289824847960635,0.9509497408534467,0.9838565022421525,0.8926174496644296,962,4,14,135,13.947782078000046,226.47173901336603,8
E2,char,full,RandomForest,Ensemble,3,2,4459,1115,0.971754990373898,0.9507042253521126,0.9855123733599828,0.9955500437700613,0.9450380077276553,0.9530201342281879,0.9874439461883409,0.9261744966442953,966,0,14,135,48.63635827500002,167.6377542600937,8
E2,char,full,MultinomialNB,Linear / probabilistic,3,3,4459,1115,0.9762175613224315,0.9586206896551724,0.9846153576080008,0.9939136442141623,0.9531923950243302,0.9628151986183073,0.989237668161435,0.9333333333333333,964,1,11,139,10.12227274099996,80.31636591924668,8
E2,char,full,LogisticRegression,Linear / probabilistic,3,3,4459,1115,0.9822152985649952,0.9690721649484536,0.9935351284095912,0.9985561312607943,0.9650462001260993,0.97,0.9919282511210762,0.96,965,0,9,141,11.515197757000124,80.73396322875614,8
E2,char,full,LinearSVM,Kernel (linear),3,3,4459,1115,0.9801813011020264,0.9655172413793104,0.9938711410327224,0.9986735751295337,0.9611246973003471,0.9666666666666667,0.9910313901345291,0.96,965,0,10,140,11.298600603000068,84.0475928250797,8
E2,char,full,kNN,Instance-based,3,3,4459,1115,0.9634649831796933,0.9361702127659575,0.9515408097113482,0.9724214162348879,0.929454712760244,0.94,0.9838565022421525,0.9133333333333333,965,0,18,132,13.693973999000036,229.96090044844624,8
E2,char,full,RandomForest,Ensemble,3,3,4459,1115,0.9634649831796933,0.9361702127659575,0.9897805223764151,0.9972918825561312,0.929454712760244,0.94,0.9838565022421525,0.94,965,0,18,132,48.16951520899988,171.91339013453978,8
E2,char,full,MultinomialNB,Linear / probabilistic,3,4,4459,1115,0.969188255613126,0.9466666666666667,0.9820905850185315,0.9938791018998273,0.9383765112262522,0.969188255613126,0.9856502242152466,0.8466666666666667,957,8,8,142,9.904006179000135,77.06608520179279,8
E2,char,full,LogisticRegression,Linear / probabilistic,3,4,4459,1115,0.982619434018799,0.9698996655518395,0.9943607612963041,0.9987495682210709,0.9652461278870431,0.9812607944732297,0.9919282511210762,0.9333333333333333,961,4,5,145,11.477794665000147,79.96539641256851,8
E2,char,full,LinearSVM,Kernel (linear),3,4,4459,1115,0.9845067878333125,0.9731543624161074,0.9941011830968082,0.9986943005181347,0.9690428670650909,0.9817789291882556,0.9928251121076234,0.9466666666666667,962,3,5,145,11.450586583999893,80.19514529133944,8
E2,char,full,kNN,Instance-based,3,4,4459,1115,0.9587430687826959,0.9283276450511946,0.9250287765534987,0.9641727115716754,0.9178404417609942,0.949706390328152,0.9811659192825112,0.0,958,7,14,136,13.717040692999944,217.31384304932095,8
E2,char,full,RandomForest,Ensemble,3,4,4459,1115,0.9862476895942319,0.9761092150170648,0.993173074647381,0.99853195164076,0.9728657482203579,0.9766666666666667,0.9937219730941704,0.96,965,0,7,143,48.11169202199994,198.29396950679705,8
E2,char,full,MultinomialNB,Linear / probabilistic,3,5,4460,1114,0.9806308029349375,0.9664429530201343,0.9857465222802196,0.9926974301909102,0.9612616058698752,0.9806308029349375,0.9910233393177738,0.9395973154362416,960,5,5,144,9.985367171999997,82.37421543991941,8
E2,char,full,LogisticRegression,Linear / probabilistic,3,5,4460,1114,0.9921631527481727,0.9863945578231292,0.9892284598441615,0.9965225858051953,0.9844476691755871,0.9865771812080537,0.9964093357271095,0.9731543624161074,965,0,4,145,11.76766955400035,80.51276391390267,8
E2,char,full,LinearSVM,Kernel (linear),3,5,4460,1114,0.9901755871277262,0.9829351535836177,0.9887154906869645,0.9961539799005459,0.9805413241234889,0.9832214765100671,0.9955116696588869,0.9731543624161074,965,0,5,144,11.259073642999738,78.60856912051878,8
E2,char,full,kNN,Instance-based,3,5,4460,1114,0.9686526109926907,0.9455782312925171,0.9611344021140162,0.9784469868206002,0.9374221324897224,0.9633341447299788,0.9856373429084381,0.87248322147651,959,6,10,139,13.47289294600023,216.56096858136888,8
E2,char,full,RandomForest,Ensemble,3,5,4460,1114,0.9821082818347131,0.9688581314878892,0.9905309744919801,0.9964495601071043,0.9648394709580752,0.9697986577181208,0.9919210053859964,0.959731543624161,965,0,9,140,48.59225847400012,167.1473617594101,8
E3,word,deduplicated,MultinomialNB,Linear / probabilistic,1,1,4104,1026,0.9743259013574105,0.9547325102880658,0.980945270097038,0.9923196448390676,0.9491642732917946,0.9628901220865704,0.9892787524366472,0.928,899,2,9,116,1.9580714520002402,16.76920857672799,8
E3,word,deduplicated,LogisticRegression,Linear / probabilistic,1,1,4104,1026,0.9743259013574105,0.9547325102880658,0.9872775724799817,0.993118756936737,0.9491642732917946,0.9628901220865704,0.9892787524366472,0.928,899,2,9,116,2.124261070999637,14.360203703579591,8
E3,word,deduplicated,LinearSVM,Kernel (linear),1,1,4104,1026,0.9773809523809525,0.9603174603174603,0.9873602195855884,0.9931365149833519,0.9548013835330941,0.9806703662597114,0.9902534113060428,0.928,895,6,4,121,2.1230888140003117,14.222823586583546,8
E3,word,deduplicated,kNN,Instance-based,1,1,4104,1026,0.961696408571642,0.9322033898305084,0.9375842121725955,0.9702286348501664,0.9255075138919505,0.9394450610432852,0.9844054580896686,0.88,900,1,15,110,2.96232745,57.54913937621842,8
E3,word,deduplicated,RandomForest,Ensemble,1,1,4104,1026,0.9674397939939069,0.9426229508196722,0.9771849420364883,0.9893629300776915,0.9352491451102285,0.9577802441731409,0.98635477582846,0.872,897,4,10,115,23.371073910000003,52.344923976604704,8
E3,word,deduplicated,MultinomialNB,Linear / probabilistic,1,2,4104,1026,0.9743259013574105,0.9547325102880658,0.9774425991136412,0.9899823633156966,0.9494992670784541,0.9597619047619048,0.9892787524366472,0.9285714285714286,899,1,10,116,1.9556380929999975,17.3386208577034,8
E3,word,deduplicated,LogisticRegression,Linear / probabilistic,1,2,4104,1026,0.9794318705771505,0.963855421686747,0.9867347823400576,0.9973544973544973,0.9589547183771792,0.9745238095238096,0.9912280701754386,0.9126984126984127,897,3,6,120,2.1042353070000033,16.59177680311648,8
E3,word,deduplicated,LinearSVM,Kernel (linear),1,2,4104,1026,0.9770670910521422,0.9596774193548387,0.9866037292827305,0.9972045855379189,0.9542964265939342,0.9705555555555556,0.9902534113060428,0.9206349206349206,897,3,7,119,2.1829149200000018,14.892262183234562,8
E3,word,deduplicated,kNN,Instance-based,1,2,4104,1026,0.9331313740872609,0.8810572687224669,0.9684653693689608,0.9848985890652557,0.873164339579322,0.8962698412698413,0.9736842105263158,0.9285714285714286,899,1,26,100,2.7048767420000033,52.96697855750801,8
E3,word,deduplicated,RandomForest,Ensemble,1,2,4104,1026,0.9625222592575682,0.9338842975206612,0.9829216081941763,0.9956701940035273,0.9260779328924151,0.9467460317460318,0.9844054580896686,0.8412698412698413,897,3,13,113,23.955602949999992,57.02398635477086,8
E3,word,deduplicated,MultinomialNB,Linear / probabilistic,1,3,4104,1026,0.9572234627037144,0.9243697478991597,0.9611294556736885,0.9812522045855379,0.9165151998968872,0.9353968253968254,0.9824561403508771,0.8492063492063492,898,2,16,110,2.0062566090000047,16.159696881101336,8
E3,word,deduplicated,LogisticRegression,Linear / probabilistic,1,3,4104,1026,0.9622516556291391,0.9333333333333333,0.9664713114550685,0.9859611992945325,0.9260129588726067,0.9433333333333334,0.9844054580896686,0.8174603174603174,898,2,14,112,2.0784245959999907,14.031392787521817,8
E3,word,deduplicated,LinearSVM,Kernel (linear),1,3,4104,1026,0.9619764112921905,0.9327731092436975,0.972402654710693,0.989779541446208,0.9260378696734316,0.9399206349206349,0.9844054580896686,0.8809523809523809,899,1,15,111,2.132248985000004,15.030811890825223,8
E3,word,deduplicated,kNN,Instance-based,1,3,4104,1026,0.9390230856458204,0.8917748917748918,0.926596807106868,0.9618386243386243,0.8828085451226788,0.9076190476190475,0.9756335282651072,0.8095238095238095,898,2,23,103,2.7842918159999925,60.697041910333944,8
E3,word,deduplicated,RandomForest,Ensemble,1,3,4104,1026,0.9546814520347316,0.919831223628692,0.9666703424086457,0.9892592592592592,0.9117449981794095,0.9314285714285715,0.9814814814814815,0.8650793650793651,898,2,17,109,24.032723405,51.096735867448835,8
E3,word,deduplicated,MultinomialNB,Linear / probabilistic,1,4,4104,1026,0.9597467846122957,0.9288702928870293,0.9661833632080791,0.9894003527336861,0.9212711022842881,0.9393650793650794,0.9834307992202729,0.8650793650793651,898,2,15,111,1.8984003679999972,14.95067933723714,8
E3,word,deduplicated,LogisticRegression,Linear / probabilistic,1,4,4104,1026,0.9608779032601747,0.9311740890688259,0.9672690216238619,0.9895326278659613,0.922004344596131,0.953015873015873,0.9834307992202729,0.873015873015873,894,6,11,115,2.057890162999996,14.995309941530634,8
E3,word,deduplicated,LinearSVM,Kernel (linear),1,4,4104,1026,0.9622516556291391,0.9333333333333333,0.9692180265935767,0.9904938271604937,0.9260129588726067,0.9433333333333334,0.9844054580896686,0.8888888888888888,898,2,14,112,2.1210244250000017,15.172258284600712,8
E3,word,deduplicated,kNN,Instance-based,1,4,4104,1026,0.9358552631578947,0.8859649122807017,0.9017121333582637,0.9499470899470899,0.8780492463983619,0.9002380952380953,0.9746588693957114,0.8095238095238095,899,1,25,101,2.9357554520000093,60.865153996103984,8
E3,word,deduplicated,RandomForest,Ensemble,1,4,4104,1026,0.9339403973509934,0.8833333333333333,0.9541061609096825,0.9785537918871251,0.8693182879212226,0.9161904761904762,0.9727095516569201,0.8253968253968254,892,8,20,106,21.782053965999992,51.26186842105445,8
E3,word,deduplicated,MultinomialNB,Linear / probabilistic,1,5,4104,1026,0.9696578834223942,0.9465020576131687,0.9735384768912702,0.9897442680776013,0.9401567056727106,0.9552380952380952,0.9873294346978557,0.9047619047619048,898,2,11,115,1.8317349309999997,16.467527290449635,8
E3,word,deduplicated,LogisticRegression,Linear / probabilistic,1,5,4104,1026,0.9592857142857143,0.9285714285714286,0.9728716493774451,0.9907760141093473,0.9185714285714286,0.9592857142857143,0.9824561403508771,0.8809523809523809,891,9,9,117,2.0160666769999978,15.22557212474948,8
E3,word,deduplicated,LinearSVM,Kernel (linear),1,5,4104,1026,0.9678939274729991,0.9435483870967742,0.9741456869992069,0.990811287477954,0.9359476675061102,0.9615079365079365,0.98635477582846,0.8809523809523809,895,5,9,117,1.9950247730000115,15.45556237816628,8
E3,word,deduplicated,kNN,Instance-based,1,5,4104,1026,0.9502754398151888,0.9121338912133892,0.9416651831006547,0.969453262786596,0.9022998404236652,0.9303174603174603,0.97953216374269,0.6984126984126984,896,4,17,109,2.7010596040000223,61.469578947352524,8
E3,word,deduplicated,RandomForest,Ensemble,1,5,4104,1026,0.9562753036437247,0.9230769230769231,0.9740198881855779,0.9938095238095237,0.912797223425497,0.9484920634920635,0.9814814814814815,0.873015873015873,893,7,12,114,23.36535825499999,51.992571150089056,8
E3,word,deduplicated,MultinomialNB,Linear / probabilistic,2,1,4104,1026,0.9764072847682119,0.9583333333333334,0.9721185388065529,0.9862641509433963,0.9538874186529168,0.96,0.9902534113060428,0.92,901,0,10,115,1.9560883069999875,14.939911306057404,8
E3,word,deduplicated,LogisticRegression,Linear / probabilistic,2,1,4104,1026,0.9724805092625707,0.9516129032258065,0.9749882868106833,0.9899311875693674,0.9450012702114113,0.9692253052164261,0.9883040935672515,0.912,896,5,7,118,2.179863232999992,15.663547758279023,8
E3,word,deduplicated,LinearSVM,Kernel (linear),2,1,4104,1026,0.9698722654529438,0.9469387755102041,0.9780987041763667,0.9921243063263042,0.940000370636908,0.9617802441731409,0.9873294346978557,0.912,897,4,9,116,2.2591693120000116,21.969747563356965,8
E3,word,deduplicated,kNN,Instance-based,2,1,4104,1026,0.9565879664889566,0.9230769230769231,0.931536976566517,0.9663618201997779,0.9159567819803651,0.9314450610432852,0.9824561403508771,0.88,900,1,17,108,3.100488117999987,69.79210233917436,8
E3,word,deduplicated,RandomForest,Ensemble,2,1,4104,1026,0.9674397939939069,0.9426229508196722,0.9768541737544592,0.9931631520532741,0.9352491451102285,0.9577802441731409,0.98635477582846,0.896,897,4,10,115,23.63334223999999,36.74614717347299,8
E3,word,deduplicated,MultinomialNB,Linear / probabilistic,2,2,4104,1026,0.9722874969613483,0.9512195121951219,0.9898844335048916,0.9973192239858907,0.9449423453051536,0.9626190476190477,0.9883040935672515,0.8650793650793651,897,3,9,117,2.040468574999977,16.609608187128888,8
E3,word,deduplicated,LogisticRegression,Linear / probabilistic,2,2,4104,1026,0.9776847856347439,0.9609375,0.9918712281247289,0.9984920634920634,0.9555233885343187,0.9842063492063492,0.9902534113060428,0.8968253968253969,893,7,3,123,2.1334704179999733,14.704217348922048,8
E3,word,deduplicated,LinearSVM,Kernel (linear),2,2,4104,1026,0.9773809523809525,0.9603174603174603,0.9935670895565185,0.9988007054673722,0.9547619047619048,0.9773809523809525,0.9902534113060428,0.9206349206349206,895,5,5,121,2.4517819120000013,17.521526315791345,8
E3,word,deduplicated,kNN,Instance-based,2,2,4104,1026,0.9469408479309469,0.905982905982906,0.9546625133697237,0.9782275132275133,0.8973459732020601,0.9195238095238095,0.9785575048732943,0.7142857142857143,898,2,20,106,2.9558833259999915,62.2699122806923,8
E3,word,deduplicated,RandomForest,Ensemble,2,2,4104,1026,0.9559671572004562,0.9224489795918367,0.9854122215366738,0.9977336860670194,0.9124243326011431,0.9450793650793651,0.9814814814814815,0.8333333333333334,894,6,13,113,23.928154330999973,52.73976315790382,8
E3,word,deduplicated,MultinomialNB,Linear / probabilistic,2,3,4104,1026,0.9465422508525957,0.9051724137931034,0.9710072652800279,0.9884920634920634,0.8974267058488931,0.9161111111111111,0.9785575048732943,0.8412698412698413,899,1,21,105,1.9813663809999866,17.5922680312026,8
E3,word,deduplicated,LogisticRegression,Linear / probabilistic,2,3,4104,1026,0.9597467846122957,0.9288702928870293,0.9675178715504604,0.9859964726631394,0.9212711022842881,0.9393650793650794,0.9834307992202729,0.8809523809523809,898,2,15,111,2.1204759089999925,16.454047758257875,8
E3,word,deduplicated,LinearSVM,Kernel (linear),2,3,4104,1026,0.9647383096842486,0.9377593360995851,0.9687807707459706,0.9873721340388008,0.9307410175561692,0.9473015873015873,0.9853801169590644,0.8809523809523809,898,2,13,113,2.1010849310000026,14.39393469786321,8
E3,word,deduplicated,kNN,Instance-based,2,3,4104,1026,0.930921052631579,0.8771929824561403,0.9010590939415813,0.9462874779541446,0.8681248349280651,0.8957142857142857,0.9727095516569201,0.7301587301587301,898,2,26,100,2.651078939999991,51.480096491245575,8
E3,word,deduplicated,RandomForest,Ensemble,2,3,4104,1026,0.9399290389817211,0.8936170212765957,0.9471148492173185,0.9756834215167548,0.882886606375398,0.9144444444444444,0.9756335282651072,0.7222222222222222,896,4,21,105,22.869804491999986,61.59060136448164,8
E3,word,deduplicated,MultinomialNB,Linear / probabilistic,2,4,4104,1026,0.9698722654529438,0.9469387755102041,0.9726641130927092,0.9910185185185185,0.9402461159240381,0.9586507936507936,0.9873294346978557,0.9047619047619048,897,3,10,116,1.9575196920000053,14.273574074060754,8
E3,word,deduplicated,LogisticRegression,Linear / probabilistic,2,4,4104,1026,0.9743259013574105,0.9547325102880658,0.9754094131447981,0.9921649029982362,0.9494992670784541,0.9597619047619048,0.9892787524366472,0.9206349206349206,899,1,10,116,2.0280200210000316,16.107554580934337,8
E3,word,deduplicated,LinearSVM,Kernel (linear),2,4,4104,1026,0.9741414271017823,0.9543568464730291,0.9749075636800791,0.9919532627865961,0.9495672198275324,0.9563492063492063,0.9892787524366472,0.9285714285714286,900,0,11,115,2.145598069000016,15.419837231927117,8
E3,word,deduplicated,kNN,Instance-based,2,4,4104,1026,0.9622516556291391,0.9333333333333333,0.9278598190878176,0.9591534391534391,0.9260129588726067,0.9433333333333334,0.9844054580896686,0.873015873015873,898,2,14,112,2.621154897999986,50.43325146202928,8
E3,word,deduplicated,RandomForest,Ensemble,2,4,4104,1026,0.9578375416647642,0.9256198347107438,0.9701282461122162,0.986468253968254,0.9167003450127087,0.9422222222222222,0.9824561403508771,0.8492063492063492,896,4,14,112,22.17159624499999,37.800451267083375,8
E3,word,deduplicated,MultinomialNB,Linear / probabilistic,2,5,4104,1026,0.9553351922667149,0.921161825726141,0.9604883641234366,0.9846031746031746,0.911914815284806,0.9382539682539682,0.9814814814814815,0.8650793650793651,896,4,15,111,1.9676676290000046,15.227896686168727,8
E3,word,deduplicated,LogisticRegression,Linear / probabilistic,2,5,4104,1026,0.9614158579452319,0.9322709163346613,0.9720336065562697,0.9914285714285714,0.9228413943356754,0.9598412698412699,0.9834307992202729,0.8650793650793651,892,8,9,117,2.075105887999996,13.640772904474614,8
E3,word,deduplicated,LinearSVM,Kernel (linear),2,5,4104,1026,0.9584312454420225,0.926829268292683,0.9716063221632425,0.9906084656084655,0.9172214427408748,0.949047619047619,0.9824561403508771,0.8571428571428571,894,6,12,114,2.258125728999971,15.304979532134135,8
E3,word,deduplicated,kNN,Instance-based,2,5,4104,1026,0.9297968274791366,0.8755364806866953,0.9128810783155332,0.9527380952380952,0.8633676722266611,0.901984126984127,0.9717348927875243,0.7301587301587301,895,5,24,102,2.988933531999976,61.80923294344346,8
E3,word,deduplicated,RandomForest,Ensemble,2,5,4104,1026,0.9516727040272747,0.9149797570850202,0.968923803302918,0.9929541446208112,0.9035901022548628,0.943968253968254,0.97953216374269,0.8253968253968254,892,8,13,113,23.633025076000024,51.70798538014615,8
E3,word,deduplicated,MultinomialNB,Linear / probabilistic,3,1,4104,1026,0.9698722654529438,0.9469387755102041,0.9749806261909123,0.9909034406215316,0.940000370636908,0.9617802441731409,0.9873294346978557,0.928,897,4,9,116,1.854523835000009,14.399659844071742,8
E3,word,deduplicated,LogisticRegression,Linear / probabilistic,3,1,4104,1026,0.9633073456834275,0.9354838709677419,0.9809046499427962,0.995431742508324,0.9266543351591958,0.9601154273029967,0.9844054580896686,0.864,894,7,9,116,2.1058958090000033,14.36324951269112,8
E3,word,deduplicated,LinearSVM,Kernel (linear),3,1,4104,1026,0.965719784295251,0.9397590361445783,0.9802468365683654,0.995085460599334,0.9314494508862841,0.9641154273029967,0.9853801169590644,0.848,894,7,8,117,2.09094716300001,13.46739766081759,8
E3,word,deduplicated,kNN,Instance-based,3,1,4104,1026,0.9569084596430971,0.923728813559322,0.93977669328733,0.9669522752497225,0.915914437069673,0.9348901220865704,0.9824561403508771,0.872,899,2,16,109,2.7819150130000025,54.90849317736416,8
E3,word,deduplicated,RandomForest,Ensemble,3,1,4104,1026,0.9584312454420225,0.926829268292683,0.9756066144240546,0.9897891231964484,0.9170219885303963,0.9521154273029967,0.9824561403508771,0.84,894,7,11,114,23.068481472999963,72.38721637423751,8
E3,word,deduplicated,MultinomialNB,Linear / probabilistic,3,2,4104,1026,0.9722874969613483,0.9512195121951219,0.9830547041248061,0.9961287477954145,0.9449423453051536,0.9626190476190477,0.9883040935672515,0.9285714285714286,897,3,9,117,2.1519373969999833,16.05371832358835,8
E3,word,deduplicated,LogisticRegression,Linear / probabilistic,3,2,4104,1026,0.9654805028766247,0.9392712550607287,0.9872097845015184,0.9966490299823633,0.9312114657667652,0.9575396825396825,0.9853801169590644,0.9126984126984127,895,5,10,116,2.0869139359999735,15.331688109177884,8
E3,word,deduplicated,LinearSVM,Kernel (linear),3,2,4104,1026,0.9724805092625707,0.9516129032258065,0.9893802489043888,0.9973897707231041,0.9451220470500222,0.966031746031746,0.9883040935672515,0.8968253968253969,896,4,8,118,2.1387133360000234,15.166090643318892,8
E3,word,deduplicated,kNN,Instance-based,3,2,4104,1026,0.9550111122137421,0.9205020920502092,0.9763639498544786,0.9898765432098765,0.9117854713539767,0.9348412698412698,0.9814814814814815,0.8095238095238095,897,3,16,110,2.660669122999991,60.61106140353041,8
E3,word,deduplicated,RandomForest,Ensemble,3,2,4104,1026,0.9568765471152592,0.9243027888446215,0.9856292778797917,0.9970546737213404,0.913762699223985,0.9553174603174603,0.9814814814814815,0.8650793650793651,891,9,10,116,23.753415699000016,51.66569200777246,8
E3,word,deduplicated,MultinomialNB,Linear / probabilistic,3,3,4104,1026,0.9521205107145524,0.9152542372881356,0.9600941035921233,0.9824162257495591,0.9069602377771314,0.9274603174603174,0.9805068226120858,0.8492063492063492,898,2,18,108,1.9394791060000216,19.18859746590766,8
E3,word,deduplicated,LogisticRegression,Linear / probabilistic,3,3,4104,1026,0.9644824570108491,0.9372384937238494,0.9636699012079079,0.980432098765432,0.9307567332145996,0.9438888888888889,0.9853801169590644,0.9047619047619048,899,1,14,112,2.159747675999995,14.873685185163469,8
E3,word,deduplicated,LinearSVM,Kernel (linear),3,3,4104,1026,0.9694398683930154,0.946058091286307,0.9703309603261394,0.9843386243386243,0.9401541186918508,0.9518253968253969,0.9873294346978557,0.9126984126984127,899,1,12,114,2.1491707329999485,15.019270955163895,8
E3,word,deduplicated,kNN,Instance-based,3,3,4104,1026,0.9254136416946952,0.8672566371681416,0.9242465004074161,0.9609832451499117,0.8582502668326755,0.8877777777777778,0.9707602339181286,0.6666666666666666,898,2,28,98,2.7242157370000086,60.236340155988124,8
E3,word,deduplicated,RandomForest,Ensemble,3,3,4104,1026,0.9594518255047599,0.9282700421940928,0.9563309868958687,0.9826455026455027,0.9213052382265445,0.935952380952381,0.9834307992202729,0.8809523809523809,899,1,16,110,22.522946702000013,34.93372514618053,8
E3,word,deduplicated,MultinomialNB,Linear / probabilistic,3,4,4104,1026,0.9517644072099518,0.9145299145299145,0.9467258131569937,0.9764902998236331,0.9070222351151357,0.924047619047619,0.9805068226120858,0.8492063492063492,899,1,19,107,2.0558193319999987,16.309258284609243,8
E3,word,deduplicated,LogisticRegression,Linear / probabilistic,3,4,4104,1026,0.9559671572004562,0.9224489795918367,0.960292159669139,0.9861199294532628,0.9124243326011431,0.9450793650793651,0.9814814814814815,0.8650793650793651,894,6,13,113,2.0720709990000046,15.446596491194716,8
E3,word,deduplicated,LinearSVM,Kernel (linear),3,4,4104,1026,0.9597467846122957,0.9288702928870293,0.9593255431010457,0.9854585537918872,0.9212711022842881,0.9393650793650794,0.9834307992202729,0.8571428571428571,898,2,15,111,2.1939387880000254,14.39033625731053,8
E3,word,deduplicated,kNN,Instance-based,3,4,4104,1026,0.9298413566739606,0.875,0.9166306661011121,0.9566049382716046,0.8685104172245639,0.8888888888888888,0.9727095516569201,0.7857142857142857,900,0,28,98,2.8751257160000137,61.74069395707923,8
E3,word,deduplicated,RandomForest,Ensemble,3,4,4104,1026,0.947717565526762,0.907563025210084,0.9594211944406246,0.9885008818342151,0.8974698603437984,0.9263492063492063,0.9785575048732943,0.8412698412698413,896,4,18,108,23.82934854499996,53.47769395715788,8
E3,word,deduplicated,MultinomialNB,Linear / probabilistic,3,5,4104,1026,0.9672069768503722,0.9421487603305785,0.9853908189342712,0.9946604938271606,0.9354555207721216,0.9512698412698413,0.98635477582846,0.9047619047619048,898,2,12,114,1.956759639999973,15.260194931775013,8
E3,word,deduplicated,LogisticRegression,Linear / probabilistic,3,5,4104,1026,0.9728571428571429,0.9523809523809523,0.983331089128107,0.9957186948853616,0.9457142857142857,0.9728571428571429,0.9883040935672515,0.9047619047619048,894,6,6,120,2.1066774480000277,16.257334307963948,8
E3,word,deduplicated,LinearSVM,Kernel (linear),3,5,4104,1026,0.9745073015371063,0.9551020408163265,0.9818213356563045,0.9941181657848325,0.9495200436983364,0.9631746031746031,0.9892787524366472,0.9285714285714286,898,2,9,117,2.166282178000017,14.8884142300253,8
E3,word,deduplicated,kNN,Instance-based,3,5,4104,1026,0.9572234627037144,0.9243697478991597,0.9332251911950535,0.9628483245149912,0.9165151998968872,0.9353968253968254,0.9824561403508771,0.8492063492063492,898,2,16,110,2.9382858089999786,60.18088499026117,8
E3,word,deduplicated,RandomForest,Ensemble,3,5,4104,1026,0.9694398683930154,0.946058091286307,0.9753969110031321,0.9890123456790123,0.9401541186918508,0.9518253968253969,0.9873294346978557,0.9047619047619048,899,1,12,114,23.258648744000027,53.122560428806665,8
